timestamp,model,prompt_id,sys_prompt,user_prompt,raw_output,batch_data
2026-03-18 23:13:57,llama3.2:1b,S2A01 + RE201,"Distill the ""objective and non-personal"" information from the text. Filter out any subjective opinions, market popularity, cost considerations, or irrelevant background information. Extract only objective clinical facts, experimental data, and statistical evidence.Then Determined the Task only by the filterd facts
Read the question again","Title: late-onset scleroderma renal crisis induced by tacrolimus and prednisolone: a case report.
Abstract: scleroderma renal crisis (src) is a rare complication of systemic sclerosis (ssc) but can be severe enough to require temporary or permanent renal replacement therapy. moderate to high dose corticosteroid use is recognized as a major risk factor for src. furthermore, there have been reports of thrombotic microangiopathy precipitated by cyclosporine in patients with ssc. in this article, we report a patient with src induced by tacrolimus and corticosteroids. the aim of this work is to call attention to the risk of tacrolimus use in patients with ssc.

Task: Determine if the Chemical induces the Disease for the following items based strictly on the text.

Items to analyze:
Item 1: Chemical: tacrolimus | Disease: scleroderma renal crisis
Item 2: Chemical: tacrolimus | Disease: src
Item 3: Chemical: tacrolimus | Disease: systemic sclerosis
Item 4: Chemical: tacrolimus | Disease: ssc
Item 5: Chemical: tacrolimus | Disease: thrombotic microangiopathy
Item 6: Chemical: prednisolone | Disease: scleroderma renal crisis
Item 7: Chemical: prednisolone | Disease: src
Item 8: Chemical: prednisolone | Disease: systemic sclerosis
Item 9: Chemical: prednisolone | Disease: ssc
Item 10: Chemical: prednisolone | Disease: thrombotic microangiopathy


IMPORTANT OUTPUT RULES:
1. Output ONLY a numbered list.
2. Format: ""Item X: Yes"" or ""Item X: No"".
3. Do NOT provide explanations.
4. Do NOT use Markdown formatting.","1: No
2: No
3: No
4: No
5: No
6: Yes
7: No
8: No
9: No
10: No","{""pmid"": 22836123, ""title"": ""late-onset scleroderma renal crisis induced by tacrolimus and prednisolone: a case report."", ""abstract"": ""scleroderma renal crisis (src) is a rare complication of systemic sclerosis (ssc) but can be severe enough to require temporary or permanent renal replacement therapy. moderate to high dose corticosteroid use is recognized as a major risk factor for src. furthermore, there have been reports of thrombotic microangiopathy precipitated by cyclosporine in patients with ssc. in this article, we report a patient with src induced by tacrolimus and corticosteroids. the aim of this work is to call attention to the risk of tacrolimus use in patients with ssc."", ""batch_pairs"": [{""orig_idx"": 7, ""E1_Name"": ""tacrolimus"", ""E2_Name"": ""scleroderma renal crisis"", ""True_Label"": ""none""}, {""orig_idx"": 8, ""E1_Name"": ""tacrolimus"", ""E2_Name"": ""src"", ""True_Label"": ""none""}, {""orig_idx"": 9, ""E1_Name"": ""tacrolimus"", ""E2_Name"": ""systemic sclerosis"", ""True_Label"": ""cid""}, {""orig_idx"": 10, ""E1_Name"": ""tacrolimus"", ""E2_Name"": ""ssc"", ""True_Label"": ""cid""}, {""orig_idx"": 11, ""E1_Name"": ""tacrolimus"", ""E2_Name"": ""thrombotic microangiopathy"", ""True_Label"": ""none""}, {""orig_idx"": 12, ""E1_Name"": ""prednisolone"", ""E2_Name"": ""scleroderma renal crisis"", ""True_Label"": ""none""}, {""orig_idx"": 13, ""E1_Name"": ""prednisolone"", ""E2_Name"": ""src"", ""True_Label"": ""none""}, {""orig_idx"": 14, ""E1_Name"": ""prednisolone"", ""E2_Name"": ""systemic sclerosis"", ""True_Label"": ""none""}, {""orig_idx"": 15, ""E1_Name"": ""prednisolone"", ""E2_Name"": ""ssc"", ""True_Label"": ""none""}, {""orig_idx"": 16, ""E1_Name"": ""prednisolone"", ""E2_Name"": ""thrombotic microangiopathy"", ""True_Label"": ""none""}]}"
2026-03-18 23:13:57,llama3.2:1b,EMO01 + RAR02,"This is very important to my career
Rewrite the provided text into a logical sequence of events describing how [Entity A] affects [Entity B]. Ensure the temporal and causal links are clearly stated in your rewritten version. Finally, use this logical sequence to categorize the relationship","Title: indomethacin induced hypotension in sodium and volume depleted rats.
Abstract: after a single oral dose of 4 mg/kg indomethacin (idm) to sodium and volume depleted rats plasma renin activity (pra) and systolic blood pressure fell significantly within four hours. in sodium repleted animals indomethacin did not change systolic blood pressure (bp) although plasma renin activity was decreased. thus, indomethacin by inhibition of prostaglandin synthesis may diminish the blood pressure maintaining effect of the stimulated renin-angiotensin system in sodium and volume depletion.

Task: Determine if the Chemical induces the Disease for the following items based strictly on the text.

Items to analyze:
Item 1: Chemical: indomethacin | Disease: hypotension
Item 2: Chemical: sodium | Disease: hypotension
Item 3: Chemical: idm | Disease: hypotension
Item 4: Chemical: prostaglandin | Disease: hypotension
Item 5: Chemical: angiotensin | Disease: hypotension


IMPORTANT OUTPUT RULES:
1. Output ONLY a numbered list.
2. Format: ""Item X: Yes"" or ""Item X: No"".
3. Do NOT provide explanations.
4. Do NOT use Markdown formatting.","1: Yes
2: No
3: Yes
4: No
5: Yes","{""pmid"": 439781, ""title"": ""indomethacin induced hypotension in sodium and volume depleted rats."", ""abstract"": ""after a single oral dose of 4 mg/kg indomethacin (idm) to sodium and volume depleted rats plasma renin activity (pra) and systolic blood pressure fell significantly within four hours. in sodium repleted animals indomethacin did not change systolic blood pressure (bp) although plasma renin activity was decreased. thus, indomethacin by inhibition of prostaglandin synthesis may diminish the blood pressure maintaining effect of the stimulated renin-angiotensin system in sodium and volume depletion."", ""batch_pairs"": [{""orig_idx"": 2, ""E1_Name"": ""indomethacin"", ""E2_Name"": ""hypotension"", ""True_Label"": ""cid""}, {""orig_idx"": 3, ""E1_Name"": ""sodium"", ""E2_Name"": ""hypotension"", ""True_Label"": ""none""}, {""orig_idx"": 4, ""E1_Name"": ""idm"", ""E2_Name"": ""hypotension"", ""True_Label"": ""cid""}, {""orig_idx"": 5, ""E1_Name"": ""prostaglandin"", ""E2_Name"": ""hypotension"", ""True_Label"": ""none""}, {""orig_idx"": 6, ""E1_Name"": ""angiotensin"", ""E2_Name"": ""hypotension"", ""True_Label"": ""none""}]}"
2026-03-18 23:13:57,llama3.2:1b,S2A01 + RE201,"Distill the ""objective and non-personal"" information from the text. Filter out any subjective opinions, market popularity, cost considerations, or irrelevant background information. Extract only objective clinical facts, experimental data, and statistical evidence.Then Determined the Task only by the filterd facts
Read the question again","Title: late-onset scleroderma renal crisis induced by tacrolimus and prednisolone: a case report.
Abstract: scleroderma renal crisis (src) is a rare complication of systemic sclerosis (ssc) but can be severe enough to require temporary or permanent renal replacement therapy. moderate to high dose corticosteroid use is recognized as a major risk factor for src. furthermore, there have been reports of thrombotic microangiopathy precipitated by cyclosporine in patients with ssc. in this article, we report a patient with src induced by tacrolimus and corticosteroids. the aim of this work is to call attention to the risk of tacrolimus use in patients with ssc.

Task: Determine if the Chemical induces the Disease for the following items based strictly on the text.

Items to analyze:
Item 1: Chemical: corticosteroid | Disease: scleroderma renal crisis
Item 2: Chemical: corticosteroid | Disease: src
Item 3: Chemical: corticosteroid | Disease: systemic sclerosis


IMPORTANT OUTPUT RULES:
1. Output ONLY a numbered list.
2. Format: ""Item X: Yes"" or ""Item X: No"".
3. Do NOT provide explanations.
4. Do NOT use Markdown formatting.","1: No
2: No
3: No","{""pmid"": 22836123, ""title"": ""late-onset scleroderma renal crisis induced by tacrolimus and prednisolone: a case report."", ""abstract"": ""scleroderma renal crisis (src) is a rare complication of systemic sclerosis (ssc) but can be severe enough to require temporary or permanent renal replacement therapy. moderate to high dose corticosteroid use is recognized as a major risk factor for src. furthermore, there have been reports of thrombotic microangiopathy precipitated by cyclosporine in patients with ssc. in this article, we report a patient with src induced by tacrolimus and corticosteroids. the aim of this work is to call attention to the risk of tacrolimus use in patients with ssc."", ""batch_pairs"": [{""orig_idx"": 17, ""E1_Name"": ""corticosteroid"", ""E2_Name"": ""scleroderma renal crisis"", ""True_Label"": ""none""}, {""orig_idx"": 18, ""E1_Name"": ""corticosteroid"", ""E2_Name"": ""src"", ""True_Label"": ""none""}, {""orig_idx"": 19, ""E1_Name"": ""corticosteroid"", ""E2_Name"": ""systemic sclerosis"", ""True_Label"": ""cid""}]}"
2026-03-18 23:13:57,llama3.2:1b,EMO01 + RAR02,"This is very important to my career
Rewrite the provided text into a logical sequence of events describing how [Entity A] affects [Entity B]. Ensure the temporal and causal links are clearly stated in your rewritten version. Finally, use this logical sequence to categorize the relationship","Title: famotidine-associated delirium. a series of six cases.
Abstract: famotidine is a histamine h2-receptor antagonist used in inpatient settings for prevention of stress ulcers and is showing increasing popularity because of its low cost. although all of the currently available h2-receptor antagonists have shown the propensity to cause delirium, only two previously reported cases have been associated with famotidine. the authors report on six cases of famotidine-associated delirium in hospitalized patients who cleared completely upon removal of famotidine. the pharmacokinetics of famotidine are reviewed, with no change in its metabolism in the elderly population seen. the implications of using famotidine in elderly persons are discussed.

Task: Determine if the Chemical induces the Disease for the following items based strictly on the text.

Items to analyze:
Item 1: Chemical: famotidine | Disease: delirium
Item 2: Chemical: famotidine | Disease: ulcers


IMPORTANT OUTPUT RULES:
1. Output ONLY a numbered list.
2. Format: ""Item X: Yes"" or ""Item X: No"".
3. Do NOT provide explanations.
4. Do NOT use Markdown formatting.","1: No
2: No
3: No
4: No
5: No
6: No","{""pmid"": 8701013, ""title"": ""famotidine-associated delirium. a series of six cases."", ""abstract"": ""famotidine is a histamine h2-receptor antagonist used in inpatient settings for prevention of stress ulcers and is showing increasing popularity because of its low cost. although all of the currently available h2-receptor antagonists have shown the propensity to cause delirium, only two previously reported cases have been associated with famotidine. the authors report on six cases of famotidine-associated delirium in hospitalized patients who cleared completely upon removal of famotidine. the pharmacokinetics of famotidine are reviewed, with no change in its metabolism in the elderly population seen. the implications of using famotidine in elderly persons are discussed."", ""batch_pairs"": [{""orig_idx"": 0, ""E1_Name"": ""famotidine"", ""E2_Name"": ""delirium"", ""True_Label"": ""cid""}, {""orig_idx"": 1, ""E1_Name"": ""famotidine"", ""E2_Name"": ""ulcers"", ""True_Label"": ""none""}]}"
2026-03-18 23:13:57,llama3.2:1b,EMO01 + RAR02,"This is very important to my career
Rewrite the provided text into a logical sequence of events describing how [Entity A] affects [Entity B]. Ensure the temporal and causal links are clearly stated in your rewritten version. Finally, use this logical sequence to categorize the relationship","Title: late-onset scleroderma renal crisis induced by tacrolimus and prednisolone: a case report.
Abstract: scleroderma renal crisis (src) is a rare complication of systemic sclerosis (ssc) but can be severe enough to require temporary or permanent renal replacement therapy. moderate to high dose corticosteroid use is recognized as a major risk factor for src. furthermore, there have been reports of thrombotic microangiopathy precipitated by cyclosporine in patients with ssc. in this article, we report a patient with src induced by tacrolimus and corticosteroids. the aim of this work is to call attention to the risk of tacrolimus use in patients with ssc.

Task: Determine if the Chemical induces the Disease for the following items based strictly on the text.

Items to analyze:
Item 1: Chemical: corticosteroid | Disease: scleroderma renal crisis
Item 2: Chemical: corticosteroid | Disease: src
Item 3: Chemical: corticosteroid | Disease: systemic sclerosis


IMPORTANT OUTPUT RULES:
1. Output ONLY a numbered list.
2. Format: ""Item X: Yes"" or ""Item X: No"".
3. Do NOT provide explanations.
4. Do NOT use Markdown formatting.","1: No
2: No
3: No","{""pmid"": 22836123, ""title"": ""late-onset scleroderma renal crisis induced by tacrolimus and prednisolone: a case report."", ""abstract"": ""scleroderma renal crisis (src) is a rare complication of systemic sclerosis (ssc) but can be severe enough to require temporary or permanent renal replacement therapy. moderate to high dose corticosteroid use is recognized as a major risk factor for src. furthermore, there have been reports of thrombotic microangiopathy precipitated by cyclosporine in patients with ssc. in this article, we report a patient with src induced by tacrolimus and corticosteroids. the aim of this work is to call attention to the risk of tacrolimus use in patients with ssc."", ""batch_pairs"": [{""orig_idx"": 17, ""E1_Name"": ""corticosteroid"", ""E2_Name"": ""scleroderma renal crisis"", ""True_Label"": ""none""}, {""orig_idx"": 18, ""E1_Name"": ""corticosteroid"", ""E2_Name"": ""src"", ""True_Label"": ""none""}, {""orig_idx"": 19, ""E1_Name"": ""corticosteroid"", ""E2_Name"": ""systemic sclerosis"", ""True_Label"": ""cid""}]}"
2026-03-18 23:13:58,llama3.2:1b,EMO01 + RAR02,"This is very important to my career
Rewrite the provided text into a logical sequence of events describing how [Entity A] affects [Entity B]. Ensure the temporal and causal links are clearly stated in your rewritten version. Finally, use this logical sequence to categorize the relationship","Title: late-onset scleroderma renal crisis induced by tacrolimus and prednisolone: a case report.
Abstract: scleroderma renal crisis (src) is a rare complication of systemic sclerosis (ssc) but can be severe enough to require temporary or permanent renal replacement therapy. moderate to high dose corticosteroid use is recognized as a major risk factor for src. furthermore, there have been reports of thrombotic microangiopathy precipitated by cyclosporine in patients with ssc. in this article, we report a patient with src induced by tacrolimus and corticosteroids. the aim of this work is to call attention to the risk of tacrolimus use in patients with ssc.

Task: Determine if the Chemical induces the Disease for the following items based strictly on the text.

Items to analyze:
Item 1: Chemical: tacrolimus | Disease: scleroderma renal crisis
Item 2: Chemical: tacrolimus | Disease: src
Item 3: Chemical: tacrolimus | Disease: systemic sclerosis
Item 4: Chemical: tacrolimus | Disease: ssc
Item 5: Chemical: tacrolimus | Disease: thrombotic microangiopathy
Item 6: Chemical: prednisolone | Disease: scleroderma renal crisis
Item 7: Chemical: prednisolone | Disease: src
Item 8: Chemical: prednisolone | Disease: systemic sclerosis
Item 9: Chemical: prednisolone | Disease: ssc
Item 10: Chemical: prednisolone | Disease: thrombotic microangiopathy


IMPORTANT OUTPUT RULES:
1. Output ONLY a numbered list.
2. Format: ""Item X: Yes"" or ""Item X: No"".
3. Do NOT provide explanations.
4. Do NOT use Markdown formatting.","1: No
2: No
3: No
4: No
5: No
6: Yes
7: No
8: No
9: No
10: No","{""pmid"": 22836123, ""title"": ""late-onset scleroderma renal crisis induced by tacrolimus and prednisolone: a case report."", ""abstract"": ""scleroderma renal crisis (src) is a rare complication of systemic sclerosis (ssc) but can be severe enough to require temporary or permanent renal replacement therapy. moderate to high dose corticosteroid use is recognized as a major risk factor for src. furthermore, there have been reports of thrombotic microangiopathy precipitated by cyclosporine in patients with ssc. in this article, we report a patient with src induced by tacrolimus and corticosteroids. the aim of this work is to call attention to the risk of tacrolimus use in patients with ssc."", ""batch_pairs"": [{""orig_idx"": 7, ""E1_Name"": ""tacrolimus"", ""E2_Name"": ""scleroderma renal crisis"", ""True_Label"": ""none""}, {""orig_idx"": 8, ""E1_Name"": ""tacrolimus"", ""E2_Name"": ""src"", ""True_Label"": ""none""}, {""orig_idx"": 9, ""E1_Name"": ""tacrolimus"", ""E2_Name"": ""systemic sclerosis"", ""True_Label"": ""cid""}, {""orig_idx"": 10, ""E1_Name"": ""tacrolimus"", ""E2_Name"": ""ssc"", ""True_Label"": ""cid""}, {""orig_idx"": 11, ""E1_Name"": ""tacrolimus"", ""E2_Name"": ""thrombotic microangiopathy"", ""True_Label"": ""none""}, {""orig_idx"": 12, ""E1_Name"": ""prednisolone"", ""E2_Name"": ""scleroderma renal crisis"", ""True_Label"": ""none""}, {""orig_idx"": 13, ""E1_Name"": ""prednisolone"", ""E2_Name"": ""src"", ""True_Label"": ""none""}, {""orig_idx"": 14, ""E1_Name"": ""prednisolone"", ""E2_Name"": ""systemic sclerosis"", ""True_Label"": ""none""}, {""orig_idx"": 15, ""E1_Name"": ""prednisolone"", ""E2_Name"": ""ssc"", ""True_Label"": ""none""}, {""orig_idx"": 16, ""E1_Name"": ""prednisolone"", ""E2_Name"": ""thrombotic microangiopathy"", ""True_Label"": ""none""}]}"
2026-03-18 23:13:58,llama3.2:1b,S2A01 + RE201,"Distill the ""objective and non-personal"" information from the text. Filter out any subjective opinions, market popularity, cost considerations, or irrelevant background information. Extract only objective clinical facts, experimental data, and statistical evidence.Then Determined the Task only by the filterd facts
Read the question again","Title: indomethacin induced hypotension in sodium and volume depleted rats.
Abstract: after a single oral dose of 4 mg/kg indomethacin (idm) to sodium and volume depleted rats plasma renin activity (pra) and systolic blood pressure fell significantly within four hours. in sodium repleted animals indomethacin did not change systolic blood pressure (bp) although plasma renin activity was decreased. thus, indomethacin by inhibition of prostaglandin synthesis may diminish the blood pressure maintaining effect of the stimulated renin-angiotensin system in sodium and volume depletion.

Task: Determine if the Chemical induces the Disease for the following items based strictly on the text.

Items to analyze:
Item 1: Chemical: indomethacin | Disease: hypotension
Item 2: Chemical: sodium | Disease: hypotension
Item 3: Chemical: idm | Disease: hypotension
Item 4: Chemical: prostaglandin | Disease: hypotension
Item 5: Chemical: angiotensin | Disease: hypotension


IMPORTANT OUTPUT RULES:
1. Output ONLY a numbered list.
2. Format: ""Item X: Yes"" or ""Item X: No"".
3. Do NOT provide explanations.
4. Do NOT use Markdown formatting.","1: No
2: No
3: No
4: No
5: No","{""pmid"": 439781, ""title"": ""indomethacin induced hypotension in sodium and volume depleted rats."", ""abstract"": ""after a single oral dose of 4 mg/kg indomethacin (idm) to sodium and volume depleted rats plasma renin activity (pra) and systolic blood pressure fell significantly within four hours. in sodium repleted animals indomethacin did not change systolic blood pressure (bp) although plasma renin activity was decreased. thus, indomethacin by inhibition of prostaglandin synthesis may diminish the blood pressure maintaining effect of the stimulated renin-angiotensin system in sodium and volume depletion."", ""batch_pairs"": [{""orig_idx"": 2, ""E1_Name"": ""indomethacin"", ""E2_Name"": ""hypotension"", ""True_Label"": ""cid""}, {""orig_idx"": 3, ""E1_Name"": ""sodium"", ""E2_Name"": ""hypotension"", ""True_Label"": ""none""}, {""orig_idx"": 4, ""E1_Name"": ""idm"", ""E2_Name"": ""hypotension"", ""True_Label"": ""cid""}, {""orig_idx"": 5, ""E1_Name"": ""prostaglandin"", ""E2_Name"": ""hypotension"", ""True_Label"": ""none""}, {""orig_idx"": 6, ""E1_Name"": ""angiotensin"", ""E2_Name"": ""hypotension"", ""True_Label"": ""none""}]}"
2026-03-18 23:13:58,llama3.2:1b,S2A01 + RE201,"Distill the ""objective and non-personal"" information from the text. Filter out any subjective opinions, market popularity, cost considerations, or irrelevant background information. Extract only objective clinical facts, experimental data, and statistical evidence.Then Determined the Task only by the filterd facts
Read the question again","Title: famotidine-associated delirium. a series of six cases.
Abstract: famotidine is a histamine h2-receptor antagonist used in inpatient settings for prevention of stress ulcers and is showing increasing popularity because of its low cost. although all of the currently available h2-receptor antagonists have shown the propensity to cause delirium, only two previously reported cases have been associated with famotidine. the authors report on six cases of famotidine-associated delirium in hospitalized patients who cleared completely upon removal of famotidine. the pharmacokinetics of famotidine are reviewed, with no change in its metabolism in the elderly population seen. the implications of using famotidine in elderly persons are discussed.

Task: Determine if the Chemical induces the Disease for the following items based strictly on the text.

Items to analyze:
Item 1: Chemical: famotidine | Disease: delirium
Item 2: Chemical: famotidine | Disease: ulcers


IMPORTANT OUTPUT RULES:
1. Output ONLY a numbered list.
2. Format: ""Item X: Yes"" or ""Item X: No"".
3. Do NOT provide explanations.
4. Do NOT use Markdown formatting.","1: No
2: No
3: No
4: No
5: No
6: No","{""pmid"": 8701013, ""title"": ""famotidine-associated delirium. a series of six cases."", ""abstract"": ""famotidine is a histamine h2-receptor antagonist used in inpatient settings for prevention of stress ulcers and is showing increasing popularity because of its low cost. although all of the currently available h2-receptor antagonists have shown the propensity to cause delirium, only two previously reported cases have been associated with famotidine. the authors report on six cases of famotidine-associated delirium in hospitalized patients who cleared completely upon removal of famotidine. the pharmacokinetics of famotidine are reviewed, with no change in its metabolism in the elderly population seen. the implications of using famotidine in elderly persons are discussed."", ""batch_pairs"": [{""orig_idx"": 0, ""E1_Name"": ""famotidine"", ""E2_Name"": ""delirium"", ""True_Label"": ""cid""}, {""orig_idx"": 1, ""E1_Name"": ""famotidine"", ""E2_Name"": ""ulcers"", ""True_Label"": ""none""}]}"
